ID;wa_messages_28d;email_messages_28d;purchases_28d;group
1;18;6;11;1
2;0;73;53;2
3;93;47;60;2
4;37;13;76;1
5;19;80;73;1
6;46;70;4;2
7;94;69;69;1
8;46;85;7;1
9;51;31;95;2
10;87;18;40;2
11;94;63;87;1
12;14;16;84;1
13;39;11;44;1
14;29;30;55;2
15;75;13;10;2
16;23;54;89;2
17;48;97;91;1
18;90;30;16;2
19;22;49;85;1
20;1;98;95;1
21;97;76;59;1
22;97;31;67;1
23;49;95;97;2
24;91;17;54;1
25;100;64;96;1
26;93;11;83;1
27;61;89;40;1
28;97;3;49;2
29;44;20;31;2
30;30;1;9;1
31;59;80;56;1
32;83;100;9;2
33;78;6;51;2
34;95;61;23;2
35;88;19;17;2
36;18;46;6;2
37;7;24;35;2
38;62;83;12;2
39;32;20;66;2
40;82;57;2;2
41;39;87;91;1
42;45;89;88;2
43;61;84;3;1
44;22;75;81;2
45;37;18;57;2
46;78;37;55;1
47;24;75;67;1
48;56;100;13;2
49;60;67;31;1
50;89;13;25;2
51;85;51;44;2
52;99;68;41;1
53;59;35;15;1
54;72;36;6;2
55;81;71;71;2
56;82;72;61;1
57;58;44;34;2
58;7;52;29;2
59;99;65;71;2
60;4;16;91;2
61;46;18;15;2
62;69;85;72;1
63;92;36;40;2
64;7;67;2;2
65;85;86;67;1
66;100;55;79;2
67;72;23;51;2
68;7;37;10;2
69;61;68;11;1
70;77;55;68;1
71;20;66;62;1
72;93;64;21;2
73;91;8;96;2
74;33;50;27;2
75;35;46;73;2
76;68;53;35;2
77;2;89;12;1
78;97;57;17;1
79;92;72;33;1
80;71;9;79;1
81;58;93;75;1
82;29;33;6;1
83;62;52;44;2
84;87;55;77;2
85;72;55;82;2
86;83;86;17;2
87;24;67;27;1
88;21;97;51;1
89;62;85;11;2
90;92;48;25;1
91;62;72;100;1
92;25;82;64;2
93;8;0;57;1
94;40;2;47;2
95;22;9;78;1
96;35;34;77;2
97;91;25;27;1
98;84;91;45;2
99;51;22;90;2
100;54;50;79;1
101;47;31;22;1
102;29;95;80;2
103;81;36;19;2
104;85;42;13;2
105;79;36;25;1
106;30;83;41;1
107;49;16;83;2
108;19;41;54;2
109;51;53;39;1
110;51;55;3;2
111;38;58;17;1
112;52;53;29;2
113;58;87;69;1
114;37;73;60;2
115;89;46;41;2
116;60;39;48;1
117;41;48;40;2
118;89;22;30;2
119;17;27;20;2
120;0;45;43;2
121;9;33;4;1
122;100;11;27;2
123;84;54;9;1
124;63;83;28;2
125;100;76;97;1
126;15;94;37;1
127;14;63;73;1
128;34;15;65;1
129;5;9;86;2
130;4;89;53;2
131;69;49;88;1
132;57;81;70;2
133;49;95;18;1
134;56;60;52;2
135;61;11;24;2
136;78;5;97;2
137;90;72;66;2
138;85;53;52;2
139;10;13;86;2
140;69;75;94;2
141;65;42;35;1
142;10;52;22;1
143;36;23;26;1
144;52;44;37;2
145;48;59;99;1
146;59;66;93;2
147;72;0;42;2
148;42;86;49;2
149;67;59;2;2
150;25;17;51;1
151;63;65;10;2
152;84;2;25;2
153;48;51;58;1
154;84;73;15;1
155;0;65;82;1
156;50;60;26;2
157;82;66;0;1
158;61;17;50;1
159;82;28;69;2
160;68;81;69;1
161;89;27;91;1
162;19;81;44;2
163;40;8;27;2
164;41;27;64;2
165;86;49;31;1
166;33;81;56;2
167;89;38;50;2
168;49;81;79;2
169;37;64;15;1
170;21;27;46;2
171;82;58;48;2
172;97;84;66;2
173;76;61;96;1
174;49;59;37;1
175;13;39;65;2
176;79;37;96;2
177;17;74;71;2
178;65;33;21;2
179;70;58;42;2
180;54;1;14;1
181;56;52;80;2
182;49;81;48;1
183;58;36;96;2
184;9;96;5;2
185;26;86;2;2
186;61;4;36;1
187;89;0;72;2
188;12;68;44;2
189;53;80;6;1
190;25;31;100;1
191;17;20;34;1
192;64;53;18;2
193;66;84;24;2
194;83;2;35;1
195;93;67;24;2
196;95;61;18;2
197;88;100;94;2
198;83;97;88;1
199;75;80;86;1
200;70;74;32;1
201;98;22;91;2
202;85;95;20;1
203;29;46;18;2
204;40;88;5;1
205;32;94;3;1
206;81;51;69;1
207;71;82;100;2
208;1;36;4;2
209;18;71;82;1
210;91;28;100;1
211;88;54;80;1
212;52;26;42;1
213;23;59;26;1
214;68;7;58;2
215;58;18;37;2
216;86;88;87;2
217;51;34;16;1
218;78;97;91;1
219;78;31;79;2
220;35;15;3;2
221;80;54;25;2
222;10;30;80;1
223;2;91;57;2
224;44;42;99;2
225;15;21;26;2
226;0;56;52;2
227;41;96;47;2
228;49;85;34;2
229;46;26;9;1
230;77;66;20;1
231;87;56;25;1
232;59;5;82;1
233;19;64;81;1
234;71;28;88;1
235;65;96;52;1
236;72;4;46;1
237;100;45;59;1
238;35;13;82;2
239;26;99;13;1
240;70;62;5;1
241;66;43;25;1
242;75;63;25;1
243;95;35;74;2
244;45;61;40;2
245;64;19;33;1
246;37;58;90;1
247;88;38;97;2
248;77;42;64;2
249;76;25;64;2
250;40;73;50;1
251;99;32;85;1
252;62;94;85;1
253;12;83;36;2
254;35;72;27;1
255;6;26;30;1
256;10;11;1;2
257;87;74;84;1
258;17;82;74;2
259;91;20;21;2
260;96;29;27;2
261;10;19;34;1
262;44;66;31;2
263;9;71;96;2
264;20;75;90;1
265;58;53;45;1
266;59;74;82;2
267;58;24;42;1
268;12;20;44;2
269;31;18;35;1
270;69;77;43;1
271;23;66;44;1
272;5;15;47;2
273;65;98;92;2
274;83;92;40;1
275;45;1;32;2
276;21;43;53;1
277;75;42;0;1
278;29;56;78;2
279;57;44;7;2
280;25;59;72;1
281;75;55;26;2
282;42;18;35;1
283;71;9;42;2
284;18;88;94;1
285;16;49;16;2
286;18;42;80;1
287;51;32;37;1
288;22;91;21;1
289;83;43;31;2
290;25;81;43;2
291;46;22;85;2
292;87;3;31;2
293;98;51;5;2
294;100;86;60;2
295;54;65;25;1
296;97;82;7;1
297;42;75;2;2
298;51;2;8;2
299;31;48;20;2
300;54;72;30;2
301;90;72;51;2
302;17;43;92;2
303;81;97;27;2
304;57;50;23;1
305;12;77;45;2
306;54;46;7;1
307;67;49;18;2
308;22;11;88;1
309;51;100;25;2
310;59;78;90;2
311;78;50;55;2
312;40;93;66;1
313;26;45;61;2
314;81;81;35;1
315;97;40;34;2
316;49;31;98;1
317;85;76;69;2
318;9;92;48;1
319;15;82;4;2
320;41;65;42;1
321;31;81;53;1
322;60;36;45;2
323;97;99;82;1
324;53;92;36;1
325;85;78;88;2
326;7;38;100;1
327;36;44;89;1
328;23;46;72;2
329;19;84;58;1
330;57;37;66;1
331;80;79;20;1
332;74;66;3;1
333;51;80;82;1
334;46;74;38;2
335;44;92;12;2
336;9;76;19;1
337;16;47;20;2
338;50;92;84;1
339;43;46;24;2
340;7;86;23;1
341;88;62;1;2
342;81;45;23;1
343;46;95;63;2
344;11;58;63;1
345;0;19;35;1
346;28;2;52;1
347;38;72;61;1
348;40;98;95;1
349;38;83;99;1
350;80;3;40;1
351;79;68;63;2
352;41;42;57;2
353;84;40;8;1
354;75;2;34;1
355;54;94;89;1
356;38;65;8;1
357;90;49;4;1
358;42;18;42;1
359;36;19;62;1
360;39;96;7;1
361;59;98;90;1
362;7;52;79;2
363;38;69;93;2
364;63;64;68;2
365;94;93;92;2
366;44;48;0;2
367;89;38;78;2
368;68;93;42;2
369;85;50;38;2
370;6;90;53;1
371;6;38;29;1
372;99;45;32;1
373;34;38;8;2
374;50;96;77;1
375;77;6;95;2
376;51;41;23;1
377;21;90;49;1
378;12;74;71;2
379;6;56;97;2
380;93;46;55;2
381;45;56;0;2
382;80;30;63;1
383;62;27;2;1
384;9;72;44;2
385;0;39;27;1
386;79;3;71;2
387;4;65;79;1
388;69;77;30;1
389;56;60;34;2
390;26;63;100;2
391;57;26;57;2
392;74;61;23;2
393;15;50;12;1
394;44;64;97;2
395;40;94;85;2
396;91;94;17;2
397;35;63;24;2
398;4;20;15;2
399;48;26;96;2
400;45;91;29;2
401;61;85;100;2
402;43;80;56;1
403;10;10;76;1
404;66;59;50;2
405;71;67;40;2
406;9;10;91;2
407;66;30;88;1
408;29;94;98;1
409;95;11;32;2
410;6;55;12;1
411;91;48;87;1
412;73;72;70;2
413;23;57;44;2
414;83;37;97;2
415;52;62;82;2
416;90;13;76;1
417;24;32;29;1
418;92;48;40;1
419;12;85;61;1
420;47;95;56;2
421;56;23;41;2
422;71;4;30;2
423;58;61;21;1
424;39;93;10;2
425;2;85;3;2
426;15;2;14;1
427;67;36;66;2
428;23;46;65;2
429;35;52;11;1
430;55;92;38;1
431;27;90;2;1
432;67;69;28;2
433;32;60;62;1
434;14;100;30;1
435;57;13;71;2
436;37;77;2;2
437;99;65;12;1
438;40;13;73;2
439;6;61;84;2
440;59;11;11;1
441;77;79;56;1
442;100;16;91;1
443;63;69;100;2
444;20;41;25;2
445;86;18;43;2
446;16;22;58;1
447;66;35;71;1
448;13;79;73;1
449;52;11;66;1
450;59;98;70;2
451;36;34;29;1
452;82;61;37;1
453;28;4;77;1
454;61;59;64;1
455;46;28;31;2
456;50;3;13;2
457;97;59;5;2
458;52;70;89;1
459;42;80;86;2
460;89;38;17;1
461;62;69;25;1
462;3;32;81;2
463;58;63;56;1
464;82;69;97;2
465;36;20;67;2
466;24;3;31;1
467;75;74;7;2
468;19;7;23;1
469;45;13;84;1
470;8;83;94;2
471;66;85;91;2
472;94;54;84;2
473;29;44;1;2
474;13;51;56;2
475;26;2;31;2
476;40;52;100;2
477;17;86;67;1
478;99;43;20;2
479;43;72;36;2
480;15;69;37;1
481;3;97;98;2
482;5;68;99;1
483;62;47;63;2
484;70;40;19;2
485;82;17;66;2
486;86;76;23;1
487;89;84;17;2
488;47;8;52;1
489;62;67;80;1
490;94;93;100;1
491;69;74;23;2
492;26;62;6;1
493;49;30;89;1
494;57;34;33;2
495;99;74;98;2
496;53;75;94;1
497;74;48;30;1
498;10;75;75;2
499;29;23;1;2
500;57;59;93;2
501;9;37;62;1
502;94;31;67;1
503;96;21;70;2
504;79;96;10;1
505;18;44;52;1
506;22;69;62;2
507;8;40;3;1
508;92;53;79;2
509;81;4;64;2
510;12;66;60;2
511;61;37;37;2
512;28;28;97;2
513;58;32;79;1
514;61;63;7;2
515;50;28;33;2
516;61;6;76;2
517;44;20;4;1
518;99;2;25;1
519;98;44;33;2
520;1;7;77;1
521;93;40;99;1
522;51;28;49;2
523;80;80;69;1
524;98;98;56;1
525;37;98;40;1
526;87;42;57;1
527;48;85;76;2
528;77;89;7;2
529;89;2;62;1
530;73;47;38;1
531;78;14;86;2
532;34;25;59;1
533;31;20;59;1
534;82;67;11;1
535;5;62;40;2
536;64;62;96;2
537;69;11;68;1
538;37;64;4;2
539;82;88;84;1
540;61;9;52;2
541;96;48;1;2
542;69;81;83;2
543;35;16;83;1
544;34;25;20;1
545;92;12;32;2
546;68;44;92;1
547;7;82;79;2
548;11;21;67;1
549;61;14;85;1
550;34;48;20;2
551;51;15;67;2
552;63;69;82;1
553;59;88;97;2
554;91;41;11;2
555;32;71;64;1
556;26;89;58;2
557;58;1;65;1
558;44;100;32;2
559;12;78;22;1
560;97;41;23;2
561;75;83;62;2
562;7;15;60;2
563;29;100;51;1
564;54;62;98;1
565;14;29;48;1
566;30;33;51;1
567;35;35;9;2
568;12;47;90;1
569;88;6;89;2
570;32;30;44;2
571;20;92;16;1
572;50;84;43;2
573;53;22;9;1
574;62;98;61;1
575;45;64;75;1
576;58;3;94;1
577;97;79;24;1
578;70;47;94;1
579;0;48;14;2
580;97;51;38;2
581;70;78;35;1
582;69;21;34;2
583;81;0;100;2
584;76;99;14;2
585;53;76;0;1
586;85;68;52;1
587;50;48;74;2
588;11;19;97;1
589;64;61;0;1
590;5;93;99;2
591;93;55;73;1
592;1;32;74;1
593;54;76;30;2
594;35;30;9;1
595;68;13;28;2
596;60;98;72;2
597;52;12;24;2
598;97;23;12;1
599;17;21;21;1
600;21;55;55;1
601;67;24;55;2
602;59;90;31;1
603;55;98;53;2
604;70;21;91;2
605;76;80;14;1
606;14;80;84;1
607;19;72;80;2
608;36;70;52;2
609;93;68;47;1
610;48;3;34;2
611;49;95;78;1
612;10;52;10;2
613;66;51;87;1
614;85;72;92;1
615;16;22;48;1
616;75;28;51;2
617;70;36;67;2
618;97;89;27;2
619;18;35;83;2
620;50;12;96;2
621;85;23;4;2
622;38;93;81;2
623;24;18;49;2
624;94;36;93;1
625;53;92;46;2
626;50;7;24;2
627;83;65;77;1
628;43;31;83;2
629;64;69;81;1
630;53;62;52;2
631;13;22;79;2
632;22;5;87;1
633;5;56;4;1
634;35;47;8;2
635;63;76;85;2
636;8;64;93;1
637;83;99;92;1
638;7;94;23;2
639;3;23;7;1
640;58;36;39;2
641;38;0;36;1
642;35;46;51;2
643;15;15;23;2
644;11;76;85;2
645;73;71;49;2
646;13;54;31;1
647;83;53;33;2
648;5;99;21;1
649;82;18;26;2
650;64;59;59;2
651;88;46;82;2
652;34;60;41;2
653;39;26;77;2
654;79;56;22;2
655;0;48;31;2
656;41;12;73;2
657;69;0;60;1
658;86;36;45;1
659;70;61;51;2
660;78;83;70;1
661;49;99;89;2
662;37;9;71;1
663;65;30;55;1
664;64;47;43;2
665;33;15;64;2
666;46;98;14;1
667;36;92;74;2
668;9;16;20;1
669;40;69;51;1
670;28;24;95;1
671;88;3;69;2
672;44;39;28;2
673;39;18;63;1
674;12;57;59;2
675;6;0;56;1
676;5;99;94;1
677;26;43;91;1
678;42;13;50;2
679;50;94;10;2
680;10;81;31;1
681;48;0;1;2
682;40;92;4;1
683;93;23;43;2
684;6;61;50;2
685;81;30;98;1
686;59;45;39;1
687;91;14;91;1
688;81;69;9;2
689;25;60;62;2
690;21;75;66;1
691;11;89;67;1
692;28;48;23;1
693;92;84;56;2
694;58;19;88;2
695;12;76;83;2
696;51;100;65;2
697;28;100;62;1
698;75;19;48;2
699;56;66;36;2
700;67;52;39;1
701;11;9;93;2
702;66;68;22;2
703;34;98;76;2
704;19;34;65;1
705;13;47;82;1
706;75;61;87;1
707;22;60;0;2
708;27;75;23;2
709;76;64;73;1
710;49;71;60;2
711;77;78;99;2
712;43;84;4;1
713;11;32;57;2
714;55;37;50;2
715;46;59;38;1
716;24;26;40;2
717;64;39;78;1
718;62;63;86;1
719;44;52;41;1
720;13;29;72;2
721;23;93;96;2
722;51;10;26;2
723;58;80;56;2
724;20;32;88;2
725;58;88;20;2
726;80;91;15;2
727;84;19;18;1
728;73;68;50;1
729;99;45;61;2
730;7;86;47;1
731;39;79;30;1
732;83;73;41;1
733;55;85;16;1
734;98;30;96;1
735;78;42;25;2
736;58;19;48;1
737;57;66;14;2
738;63;44;11;1
739;47;16;62;1
740;31;91;67;1
741;89;6;46;1
742;58;87;77;2
743;18;76;89;1
744;83;35;75;1
745;18;9;45;1
746;14;92;67;1
747;13;56;35;1
748;93;45;87;2
749;20;51;95;1
750;30;46;74;2
751;56;42;87;1
752;15;84;0;2
753;72;13;49;2
754;61;80;74;2
755;5;62;50;1
756;24;100;4;2
757;100;37;35;2
758;12;82;43;2
759;58;72;83;2
760;87;56;39;2
761;6;1;56;1
762;46;50;83;1
763;93;79;49;1
764;67;100;48;1
765;77;51;1;2
766;60;65;8;2
767;17;86;11;1
768;96;75;70;2
769;85;46;96;2
770;66;26;41;2
771;1;30;68;1
772;75;87;64;1
773;58;65;75;2
774;82;90;48;2
775;1;87;13;2
776;37;3;52;2
777;31;1;60;1
778;74;23;45;1
779;77;45;59;1
780;96;53;36;1
781;17;99;87;1
782;45;52;17;1
783;4;16;80;2
784;31;68;89;2
785;96;66;79;1
786;52;57;99;1
787;94;4;31;1
788;91;37;50;2
789;7;83;21;1
790;29;30;17;2
791;98;63;44;2
792;89;63;89;2
793;27;86;58;1
794;77;28;41;1
795;68;77;3;1
796;71;15;81;1
797;83;76;52;2
798;96;31;42;1
799;7;27;58;2
800;57;53;83;1
801;26;52;36;1
802;1;21;13;2
803;51;8;75;1
804;100;64;98;1
805;81;27;2;2
806;3;46;67;1
807;17;63;74;2
808;29;55;33;1
809;34;41;4;2
810;55;34;90;1
811;37;22;34;1
812;90;50;47;1
813;12;42;62;1
814;20;15;100;1
815;45;87;6;1
816;19;45;0;1
817;48;31;18;2
818;2;95;32;1
819;59;43;82;1
820;31;71;77;2
821;74;23;7;1
822;63;44;29;2
823;13;15;21;1
824;29;71;17;2
825;68;56;26;2
826;57;28;66;2
827;99;88;74;2
828;76;26;32;2
829;78;78;70;1
830;40;27;8;2
831;28;32;69;2
832;56;78;21;2
833;62;37;56;1
834;12;74;17;1
835;62;4;83;1
836;96;58;81;1
837;89;84;73;2
838;76;13;52;2
839;29;28;66;2
840;49;80;38;1
841;28;23;86;1
842;56;55;100;2
843;80;31;51;1
844;74;78;69;1
845;94;72;15;2
846;39;57;54;1
847;27;29;1;2
848;84;17;43;2
849;94;92;70;1
850;73;36;73;1
851;1;93;26;2
852;78;41;70;1
853;41;78;71;1
854;81;10;66;1
855;33;15;28;2
856;27;11;62;2
857;69;53;62;2
858;85;20;19;2
859;51;66;0;2
860;88;18;61;1
861;44;76;56;1
862;79;35;87;2
863;66;60;25;2
864;50;87;37;1
865;89;74;77;1
866;20;61;49;2
867;90;6;25;1
868;15;59;40;2
869;12;77;6;1
870;84;0;7;1
871;0;57;43;2
872;34;23;65;1
873;97;63;62;2
874;53;96;99;2
875;18;39;6;2
876;10;39;79;2
877;23;8;18;2
878;18;66;76;1
879;3;75;23;1
880;10;33;63;1
881;93;48;51;2
882;93;15;54;1
883;83;30;65;2
884;77;12;87;1
885;78;24;22;2
886;40;63;42;2
887;16;0;59;2
888;25;36;57;2
889;11;28;70;2
890;85;29;84;2
891;77;21;25;1
892;3;47;98;1
893;85;64;59;2
894;71;59;53;1
895;73;9;64;1
896;68;51;68;2
897;93;95;1;1
898;59;66;37;2
899;74;65;34;2
900;40;24;44;2
901;47;9;89;1
902;61;4;23;1
903;5;50;50;2
904;17;17;6;1
905;21;36;46;1
906;60;9;90;2
907;37;17;32;1
908;31;51;9;1
909;8;50;60;1
910;97;46;57;1
911;50;66;39;1
912;82;54;79;2
913;92;12;40;1
914;63;11;28;1
915;23;17;74;1
916;65;33;67;2
917;90;49;75;1
918;38;95;58;1
919;89;64;55;1
920;61;75;44;1
921;5;43;21;2
922;29;2;84;1
923;19;33;77;2
924;97;15;0;1
925;81;58;21;2
926;68;4;0;1
927;19;57;61;2
928;91;22;12;2
929;10;51;26;1
930;94;13;36;1
931;45;44;44;1
932;22;6;26;1
933;22;45;63;2
934;18;38;20;1
935;87;36;13;1
936;39;7;75;2
937;40;55;12;1
938;28;20;87;2
939;22;86;46;2
940;81;83;45;2
941;15;92;32;2
942;69;25;73;2
943;16;46;21;1
944;11;5;54;2
945;92;22;88;2
946;7;76;74;2
947;15;6;63;2
948;79;96;36;2
949;74;23;52;1
950;27;38;4;1
951;2;18;41;1
952;64;56;48;1
953;14;48;91;2
954;91;42;56;2
955;62;60;97;2
956;68;24;43;1
957;92;100;87;1
958;1;10;14;1
959;92;20;90;2
960;92;2;57;2
961;100;46;12;1
962;99;97;72;1
963;35;25;30;1
964;6;14;51;1
965;13;66;64;1
966;18;44;21;2
967;48;10;20;1
968;50;24;42;2
969;64;100;1;1
970;80;62;93;2
971;54;10;80;2
972;45;16;20;2
973;25;51;31;2
974;14;50;95;2
975;32;47;29;2
976;40;99;58;1
977;42;84;77;2
978;99;19;7;1
979;38;12;21;1
980;17;93;11;2
981;35;4;58;1
982;100;65;15;2
983;71;6;33;2
984;71;11;30;2
985;12;82;24;2
986;0;18;96;2
987;27;55;31;1
988;70;58;24;1
989;98;86;7;1
990;68;21;46;2
991;85;93;17;1
992;6;49;36;1
993;43;53;79;1
994;40;28;98;2
995;4;17;60;2
996;25;50;28;1
997;11;36;72;1
998;77;25;98;1
999;4;70;24;1
1000;6;15;43;1
1001;8;7;62;2
1002;7;2;47;1
1003;66;24;59;2
1004;68;94;4;1
1005;70;12;18;2
1006;18;64;7;1
1007;80;76;99;1
1008;21;73;39;1
1009;6;69;84;2
1010;3;40;83;2
1011;13;83;22;2
1012;32;63;66;1
1013;21;30;10;1
1014;87;57;53;2
1015;50;46;72;2
1016;77;99;26;2
1017;67;29;14;1
1018;86;31;64;1
1019;20;70;78;1
1020;85;69;81;1
1021;24;17;49;2
1022;61;4;80;2
1023;98;8;30;1
1024;81;47;70;2
1025;93;66;35;1
1026;62;10;92;2
1027;67;89;7;2
1028;74;51;3;2
1029;62;30;9;2
1030;3;95;80;2
1031;53;63;51;2
1032;70;35;12;2
1033;43;1;16;2
1034;91;97;89;2
1035;22;65;49;2
1036;94;8;31;1
1037;47;76;76;2
1038;80;94;89;1
1039;84;54;31;2
1040;64;38;55;2
1041;78;69;73;2
1042;51;92;87;2
1043;84;56;32;1
1044;25;46;52;2
1045;14;72;53;2
1046;83;24;20;2
1047;9;29;90;1
1048;46;54;96;1
1049;93;16;18;2
1050;98;47;87;1
1051;13;57;87;2
1052;61;93;12;2
1053;20;9;86;2
1054;86;11;4;2
1055;73;21;29;2
1056;29;64;46;1
1057;78;40;92;2
1058;50;74;58;1
1059;30;52;92;2
1060;68;76;11;2
1061;4;37;83;2
1062;75;32;93;2
1063;75;68;20;1
1064;68;42;78;2
1065;14;80;57;1
1066;86;67;46;2
1067;88;74;89;2
1068;32;45;81;2
1069;50;24;16;2
1070;80;13;85;1
1071;39;8;78;1
1072;8;55;37;2
1073;34;89;34;1
1074;65;98;28;2
1075;43;51;9;1
1076;95;9;37;2
1077;21;89;97;2
1078;58;57;19;2
1079;20;97;70;2
1080;13;94;26;2
1081;41;16;31;1
1082;19;68;93;2
1083;37;61;54;1
1084;28;29;96;1
1085;84;4;79;1
1086;60;33;27;2
1087;11;88;57;1
1088;49;28;21;1
1089;99;15;97;2
1090;20;85;60;1
1091;46;67;97;2
1092;37;19;2;1
1093;50;49;14;1
1094;91;10;48;1
1095;15;24;0;2
1096;98;56;82;1
1097;76;1;25;2
1098;66;91;61;1
1099;62;33;53;1
1100;49;33;57;2
1101;28;42;100;2
1102;51;42;83;1
1103;48;65;50;2
1104;90;89;62;1
1105;96;71;33;2
1106;44;2;50;1
1107;11;91;37;1
1108;94;91;54;1
1109;88;95;76;2
1110;34;79;25;2
1111;40;61;77;1
1112;55;61;50;1
1113;9;97;11;2
1114;24;51;47;1
1115;54;57;74;2
1116;40;24;12;1
1117;27;16;52;1
1118;91;55;31;2
1119;9;62;3;2
1120;95;11;1;2
1121;25;82;65;1
1122;83;16;82;2
1123;51;86;52;2
1124;15;91;50;2
1125;29;41;9;1
1126;0;32;54;2
1127;79;86;90;1
1128;53;18;26;2
1129;87;46;17;1
1130;75;27;53;2
1131;84;81;32;1
1132;19;8;46;2
1133;70;98;9;2
1134;63;87;11;1
1135;32;24;27;2
1136;95;2;53;2
1137;19;28;78;2
1138;95;30;35;1
1139;60;69;30;1
1140;25;66;68;1
1141;10;96;51;1
1142;8;16;11;2
1143;2;15;10;2
1144;49;8;58;1
1145;52;50;62;2
1146;40;56;18;2
1147;82;100;8;1
1148;59;57;94;1
1149;20;52;31;2
1150;85;48;41;2
1151;82;31;99;1
1152;29;24;35;2
1153;48;15;90;2
1154;34;38;95;1
1155;34;96;17;1
1156;82;42;61;2
1157;15;5;17;1
1158;79;79;10;2
1159;86;20;96;1
1160;86;29;70;1
1161;8;74;35;2
1162;78;12;20;1
1163;63;7;14;2
1164;100;52;44;2
1165;55;100;70;2
1166;19;11;25;2
1167;34;96;38;2
1168;36;17;16;2
1169;38;93;25;1
1170;13;26;77;1
1171;41;89;99;1
1172;73;46;10;2
1173;71;77;68;2
1174;55;69;19;2
1175;27;95;5;2
1176;61;59;64;1
1177;18;28;100;1
1178;75;90;29;2
1179;58;53;87;2
1180;49;91;54;1
1181;67;35;88;1
1182;22;1;87;2
1183;87;28;95;2
1184;1;49;47;2
1185;3;5;67;1
1186;33;100;79;2
1187;52;82;43;2
1188;20;9;21;1
1189;3;87;86;1
1190;20;98;44;2
1191;42;44;30;1
1192;18;74;23;2
1193;16;73;85;2
1194;33;51;53;2
1195;75;48;44;1
1196;20;96;25;2
1197;43;0;90;1
1198;14;76;40;2
1199;80;52;3;1
1200;12;41;82;1
1201;20;56;72;2
1202;96;56;86;2
1203;38;74;42;1
1204;0;24;35;2
1205;55;15;87;2
1206;76;49;62;1
1207;99;12;91;1
1208;76;44;42;1
1209;20;91;83;1
1210;37;30;89;2
1211;96;79;25;2
1212;87;59;47;2
1213;88;44;67;2
1214;24;59;100;1
1215;17;11;65;1
1216;35;19;56;1
1217;24;39;81;1
1218;5;98;87;1
1219;67;98;84;2
1220;24;54;3;1
1221;93;26;63;1
1222;47;87;24;1
1223;90;98;93;1
1224;99;14;11;1
1225;82;3;74;2
1226;100;5;23;1
1227;11;32;51;2
1228;82;83;32;2
1229;77;60;78;1
1230;39;19;90;1
1231;31;78;43;1
1232;63;11;59;1
1233;3;3;52;1
1234;32;58;57;2
1235;55;39;8;1
1236;44;77;26;2
1237;0;11;30;1
1238;9;1;61;2
1239;59;73;75;2
1240;19;51;90;2
1241;56;19;31;2
1242;11;86;85;2
1243;93;87;8;2
1244;0;32;90;2
1245;38;19;68;1
1246;45;38;65;2
1247;44;66;69;2
1248;18;71;0;2
1249;73;18;77;1
1250;26;33;88;2
1251;66;88;42;1
1252;71;37;66;2
1253;49;75;81;1
1254;52;29;99;2
1255;54;60;56;2
1256;75;57;26;2
1257;60;97;67;2
1258;2;73;10;2
1259;94;51;49;2
1260;88;35;89;1
1261;67;65;16;1
1262;10;87;99;1
1263;83;67;29;1
1264;37;77;92;2
1265;21;91;24;1
1266;34;58;11;1
1267;13;28;5;2
1268;78;13;86;2
1269;10;69;71;1
1270;82;99;28;1
1271;40;36;39;1
1272;92;59;82;1
1273;35;11;24;2
1274;67;7;62;1
1275;5;81;27;2
1276;52;86;38;2
1277;13;49;55;2
1278;1;0;76;1
1279;46;50;40;1
1280;96;52;93;2
1281;74;34;56;2
1282;71;18;44;1
1283;9;58;59;1
1284;68;62;24;1
1285;91;55;76;2
1286;47;57;30;1
1287;60;9;58;2
1288;73;70;65;2
1289;4;20;8;1
1290;19;3;62;2
1291;93;47;53;1
1292;74;89;67;1
1293;42;31;19;2
1294;28;74;96;2
1295;5;32;66;1
1296;24;17;91;1
1297;79;28;33;2
1298;24;4;85;2
1299;38;59;51;2
1300;71;50;13;2
1301;46;43;8;2
1302;85;17;53;1
1303;82;20;41;2
1304;2;39;92;1
1305;68;52;85;2
1306;46;51;37;2
1307;92;0;82;2
1308;72;87;80;2
1309;77;63;39;2
1310;47;40;70;1
1311;43;7;67;2
1312;99;18;67;1
1313;20;19;46;2
1314;51;35;89;1
1315;60;62;52;2
1316;90;59;17;1
1317;56;61;84;2
1318;95;50;34;1
1319;82;13;28;1
1320;61;63;24;2
1321;75;31;88;1
1322;77;79;50;2
1323;15;95;34;1
1324;19;84;89;1
1325;71;47;11;1
1326;85;67;30;1
1327;71;51;62;1
1328;33;71;80;2
1329;8;83;67;2
1330;47;9;55;2
1331;74;9;63;1
1332;36;8;17;1
1333;51;34;83;2
1334;15;87;95;1
1335;31;53;90;2
1336;46;76;95;1
1337;99;70;11;1
1338;2;81;76;2
1339;51;37;98;1
1340;98;72;9;1
1341;63;53;4;2
1342;81;62;54;2
1343;34;42;87;1
1344;90;22;25;2
1345;50;41;1;2
1346;9;31;53;2
1347;8;80;79;1
1348;39;34;15;1
1349;85;80;31;1
1350;48;84;36;2
1351;45;22;31;2
1352;11;4;79;1
1353;48;2;24;2
1354;97;66;26;2
1355;72;81;35;2
1356;12;92;54;2
1357;68;68;16;1
1358;62;29;55;1
1359;60;22;70;1
1360;67;63;78;1
1361;28;64;78;2
1362;81;55;68;1
1363;73;58;88;2
1364;43;29;46;2
1365;90;57;96;2
1366;27;22;4;1
1367;3;85;31;2
1368;73;6;94;1
1369;35;68;86;2
1370;41;33;69;1
1371;20;58;25;1
1372;67;22;47;2
1373;77;50;98;1
1374;3;56;8;2
1375;75;19;26;1
1376;20;27;39;2
1377;9;96;70;2
1378;30;63;36;2
1379;78;29;40;2
1380;4;34;78;1
1381;3;84;76;1
1382;53;87;97;2
1383;67;31;32;2
1384;48;63;88;2
1385;7;43;55;1
1386;3;27;11;2
1387;45;47;31;2
1388;26;35;69;2
1389;70;26;90;2
1390;30;11;31;2
1391;100;56;50;1
1392;85;55;45;1
1393;26;92;100;1
1394;23;46;92;1
1395;47;74;83;1
1396;11;31;47;2
1397;3;35;25;1
1398;41;56;61;2
1399;3;62;17;1
1400;29;59;7;1
1401;47;67;90;1
1402;48;10;34;2
1403;32;87;90;1
1404;60;47;97;1
1405;14;8;64;2
1406;38;40;38;1
1407;36;51;92;1
1408;56;19;13;2
1409;19;73;3;1
1410;48;31;20;2
1411;89;99;71;2
1412;35;49;70;1
1413;77;98;1;1
1414;11;28;78;2
1415;27;50;82;1
1416;87;52;93;1
1417;26;3;12;2
1418;62;49;40;2
1419;70;16;83;2
1420;82;3;98;2
1421;49;71;7;2
1422;82;100;21;2
1423;83;87;73;2
1424;78;50;40;2
1425;93;57;46;2
1426;42;46;16;1
1427;67;44;63;1
1428;97;4;90;2
1429;30;33;5;1
1430;30;44;64;2
1431;81;38;41;2
1432;47;40;65;2
1433;72;43;31;2
1434;34;20;74;1
1435;71;97;65;1
1436;62;34;33;2
1437;28;15;31;2
1438;94;59;31;2
1439;4;4;35;1
1440;88;97;73;2
1441;32;48;52;2
1442;58;46;57;1
1443;10;71;55;1
1444;26;17;6;2
1445;15;60;73;2
1446;39;38;71;1
1447;77;21;85;1
1448;16;72;55;1
1449;89;72;32;1
1450;51;91;95;2
1451;28;1;74;2
1452;64;16;3;2
1453;39;90;26;2
1454;10;17;82;2
1455;81;54;82;2
1456;90;46;70;1
1457;3;2;55;1
1458;60;17;88;1
1459;98;27;20;2
1460;71;64;94;1
1461;65;75;39;1
1462;20;59;30;1
1463;44;35;76;2
1464;73;45;4;2
1465;85;35;57;1
1466;60;77;72;1
1467;30;93;97;2
1468;100;29;58;2
1469;87;53;86;1
1470;6;47;7;1
1471;97;27;46;2
1472;85;89;98;1
1473;1;2;100;1
1474;56;69;24;1
1475;17;55;13;1
1476;88;9;100;2
1477;81;38;86;2
1478;31;63;24;2
1479;87;95;82;1
1480;46;18;93;1
1481;51;17;10;1
1482;77;73;55;1
1483;72;45;62;1
1484;87;37;84;2
1485;76;26;49;1
1486;82;9;24;2
1487;25;17;46;2
1488;100;6;12;1
1489;72;45;19;2
1490;51;69;0;1
1491;16;17;83;1
1492;65;64;8;1
1493;12;90;17;2
1494;19;74;55;1
1495;0;51;18;2
1496;3;71;64;1
1497;20;35;82;2
1498;79;65;12;2
1499;71;32;96;1
1500;68;31;57;2
1501;80;53;27;2
1502;35;4;64;1
1503;15;66;22;2
1504;40;26;92;2
1505;94;57;41;1
1506;14;58;52;1
1507;65;50;73;2
1508;95;38;85;2
1509;47;98;47;1
1510;64;45;95;1
1511;27;21;73;1
1512;34;33;90;2
1513;52;37;57;2
1514;63;10;11;1
1515;25;9;84;2
1516;50;17;43;1
1517;71;82;63;2
1518;94;86;34;1
1519;26;95;79;2
1520;62;5;59;2
1521;35;29;15;1
1522;35;73;65;1
1523;24;81;71;2
1524;41;0;9;2
1525;5;100;0;1
1526;38;9;61;1
1527;59;62;28;2
1528;14;2;98;1
1529;66;95;59;2
1530;54;33;53;1
1531;21;15;96;1
1532;50;96;20;1
1533;23;96;60;2
1534;4;65;64;2
1535;29;76;69;1
1536;48;19;23;1
1537;91;19;36;1
1538;8;82;3;2
1539;53;0;47;2
1540;87;40;26;2
1541;14;35;0;2
1542;36;14;57;1
1543;61;14;71;2
1544;20;58;46;1
1545;20;10;95;1
1546;76;97;6;2
1547;31;12;8;1
1548;43;82;60;2
1549;22;8;22;2
1550;11;58;14;1
1551;13;21;7;2
1552;9;59;93;2
1553;5;78;22;1
1554;42;75;91;1
1555;29;8;100;2
1556;27;26;25;2
1557;41;71;72;2
1558;77;62;18;1
1559;50;74;31;2
1560;66;91;46;1
1561;92;1;87;1
1562;53;77;83;1
1563;58;5;50;2
1564;59;73;55;2
1565;21;95;38;2
1566;99;53;65;1
1567;93;15;11;2
1568;5;41;43;1
1569;71;40;2;1
1570;62;48;13;2
1571;10;33;89;1
1572;100;2;58;1
1573;77;58;83;1
1574;3;62;28;1
1575;44;61;60;1
1576;57;38;24;2
1577;7;42;13;2
1578;75;21;80;2
1579;40;54;40;1
1580;39;53;85;2
1581;98;54;24;2
1582;31;79;11;1
1583;54;75;51;1
1584;33;63;87;1
1585;13;97;22;1
1586;58;51;57;2
1587;17;14;8;1
1588;74;96;25;1
1589;10;28;34;2
1590;98;90;53;1
1591;21;51;94;1
1592;5;46;12;1
1593;1;85;25;2
1594;73;88;42;1
1595;47;65;44;2
1596;90;53;25;2
1597;16;27;36;1
1598;19;10;48;2
1599;89;17;26;2
1600;79;43;65;1
1601;21;22;90;1
1602;82;29;0;1
1603;17;62;2;2
1604;52;46;47;1
1605;79;86;7;1
1606;31;72;37;1
1607;72;88;11;1
1608;98;40;30;2
1609;25;24;10;2
1610;11;68;54;2
1611;30;30;36;1
1612;37;79;56;1
1613;45;34;97;2
1614;17;32;97;1
1615;94;0;75;1
1616;53;99;61;2
1617;52;89;23;1
1618;14;26;35;1
1619;55;15;66;2
1620;90;78;45;2
1621;48;16;83;2
1622;11;38;64;2
1623;61;41;52;2
1624;54;2;41;1
1625;97;87;18;1
1626;28;10;70;1
1627;0;0;66;1
1628;48;50;48;2
1629;53;9;87;2
1630;40;24;18;1
1631;1;21;34;1
1632;82;28;86;2
1633;20;86;11;1
1634;42;67;27;1
1635;52;70;64;2
1636;27;2;59;1
1637;65;90;8;2
1638;92;100;81;1
1639;98;1;76;1
1640;34;30;36;1
1641;75;71;46;1
1642;52;95;42;1
1643;81;46;12;1
1644;92;35;22;2
1645;18;48;65;1
1646;87;96;19;2
1647;94;62;21;1
1648;77;48;99;2
1649;44;70;26;2
1650;67;17;3;1
1651;66;63;64;1
1652;74;98;4;1
1653;97;28;37;2
1654;47;65;74;2
1655;57;38;45;2
1656;36;3;26;2
1657;6;12;53;1
1658;23;41;3;1
1659;84;13;71;1
1660;42;14;12;2
1661;44;68;77;1
1662;45;98;50;2
1663;25;43;75;2
1664;48;15;27;1
1665;31;93;80;2
1666;10;59;60;1
1667;30;55;84;2
1668;13;86;12;1
1669;92;68;9;2
1670;59;47;21;2
1671;85;46;70;2
1672;65;24;22;2
1673;93;68;97;2
1674;99;43;56;2
1675;37;83;71;1
1676;8;14;89;1
1677;10;87;62;2
1678;74;87;79;2
1679;0;47;26;1
1680;24;47;12;1
1681;15;50;34;1
1682;31;48;39;1
1683;21;27;14;1
1684;65;29;7;1
1685;97;25;30;1
1686;43;55;89;2
1687;38;64;78;1
1688;86;35;63;2
1689;51;9;24;1
1690;72;57;19;1
1691;60;60;56;2
1692;50;59;73;2
1693;14;96;26;1
1694;60;82;56;1
1695;3;22;54;2
1696;19;4;26;1
1697;56;90;67;2
1698;54;60;94;2
1699;39;25;39;1
1700;49;70;9;1
1701;63;24;63;2
1702;74;98;92;1
1703;57;46;77;2
1704;95;94;49;2
1705;88;15;43;1
1706;59;37;19;2
1707;77;99;10;2
1708;44;85;28;2
1709;87;38;4;1
1710;94;43;10;1
1711;94;3;48;2
1712;78;48;24;1
1713;90;73;60;2
1714;72;50;49;2
1715;83;82;29;2
1716;60;29;60;1
1717;32;64;15;1
1718;80;70;53;2
1719;85;85;15;1
1720;68;52;62;1
1721;65;87;91;2
1722;24;10;59;1
1723;30;33;68;1
1724;65;51;64;1
1725;8;12;62;2
1726;66;68;11;1
1727;72;24;40;2
1728;72;7;70;1
1729;40;28;83;2
1730;60;19;39;1
1731;55;14;48;2
1732;12;37;9;1
1733;4;84;77;2
1734;44;3;93;2
1735;15;97;51;2
1736;60;80;22;2
1737;100;16;95;1
1738;42;1;24;1
1739;48;1;88;1
1740;75;99;67;2
1741;22;40;37;2
1742;88;78;39;1
1743;0;10;74;1
1744;28;2;25;1
1745;10;18;65;2
1746;88;57;22;1
1747;46;53;88;1
1748;0;97;28;1
1749;10;77;73;2
1750;18;85;78;2
1751;21;4;7;2
1752;6;56;97;1
1753;98;100;81;1
1754;53;44;86;1
1755;32;35;46;1
1756;84;41;22;1
1757;98;96;84;2
1758;46;34;92;1
1759;92;52;77;2
1760;72;1;50;2
1761;33;60;72;2
1762;33;60;93;1
1763;79;6;3;1
1764;95;79;68;2
1765;58;51;31;1
1766;76;30;85;2
1767;46;46;39;2
1768;1;15;60;2
1769;52;9;46;2
1770;80;75;17;1
1771;88;80;43;1
1772;48;61;2;1
1773;70;26;37;2
1774;18;94;21;2
1775;62;95;52;1
1776;19;32;44;1
1777;22;8;28;2
1778;40;12;31;1
1779;11;88;16;2
1780;90;47;86;2
1781;91;46;65;2
1782;44;86;64;1
1783;45;42;90;1
1784;56;71;79;1
1785;58;27;79;1
1786;33;41;30;1
1787;78;86;94;2
1788;62;61;59;1
1789;16;56;85;1
1790;78;38;81;2
1791;80;90;75;2
1792;95;61;74;1
1793;8;40;0;2
1794;69;73;91;1
1795;84;5;44;1
1796;30;72;74;2
1797;38;46;47;1
1798;95;78;19;1
1799;19;31;20;2
1800;53;59;2;1
1801;78;86;32;2
1802;2;83;59;1
1803;14;24;51;2
1804;49;19;24;2
1805;34;92;29;2
1806;94;51;93;2
1807;94;68;95;2
1808;93;52;63;2
1809;42;77;41;1
1810;1;46;87;2
1811;32;77;74;1
1812;63;100;11;2
1813;44;72;83;2
1814;39;27;82;2
1815;22;57;28;1
1816;19;89;81;1
1817;69;6;3;1
1818;84;2;87;2
1819;87;64;65;1
1820;49;68;28;1
1821;91;87;64;1
1822;83;35;88;1
1823;49;31;30;2
1824;85;34;72;1
1825;89;60;83;2
1826;78;64;19;1
1827;59;8;64;2
1828;53;52;15;2
1829;46;6;38;1
1830;23;25;86;1
1831;16;84;59;1
1832;7;13;49;1
1833;10;39;64;2
1834;2;80;60;1
1835;91;24;7;2
1836;20;31;28;2
1837;57;30;7;1
1838;12;2;4;1
1839;69;50;74;2
1840;54;10;20;2
1841;93;50;26;2
1842;64;90;22;2
1843;11;13;53;2
1844;98;15;52;1
1845;15;88;12;2
1846;17;40;45;1
1847;42;93;77;1
1848;27;45;43;2
1849;58;18;0;1
1850;27;48;73;1
1851;53;53;65;1
1852;8;83;67;1
1853;91;63;24;1
1854;5;15;30;1
1855;58;92;3;1
1856;77;93;100;2
1857;40;58;6;2
1858;62;31;82;1
1859;92;81;30;1
1860;93;3;25;1
1861;7;7;49;2
1862;16;84;70;2
1863;26;75;7;2
1864;24;87;13;1
1865;34;28;28;2
1866;11;38;92;2
1867;60;5;1;1
1868;6;29;17;1
1869;79;48;4;2
1870;41;37;27;1
1871;12;34;82;2
1872;29;17;47;2
1873;3;17;68;2
1874;10;99;52;1
1875;42;20;59;1
1876;11;37;84;2
1877;22;88;27;1
1878;73;81;75;1
1879;58;42;28;1
1880;16;38;3;2
1881;81;97;24;1
1882;46;97;94;2
1883;1;12;34;2
1884;22;47;80;1
1885;84;92;3;1
1886;97;32;97;2
1887;72;44;16;1
1888;59;40;66;2
1889;24;93;1;1
1890;29;34;56;2
1891;7;27;8;1
1892;72;81;51;1
1893;54;72;90;2
1894;100;59;67;2
1895;4;7;40;2
1896;20;33;54;2
1897;64;2;41;2
1898;40;10;58;2
1899;47;59;17;1
1900;52;45;36;1
1901;73;38;7;2
1902;86;80;29;1
1903;60;43;24;1
1904;44;21;62;1
1905;82;91;83;2
1906;54;67;78;2
1907;42;96;85;2
1908;100;14;47;2
1909;37;28;98;1
1910;10;61;54;2
1911;38;16;82;1
1912;14;36;72;1
1913;34;26;19;2
1914;43;93;51;2
1915;93;77;45;2
1916;53;44;57;2
1917;77;54;18;1
1918;12;11;76;1
1919;9;71;91;1
1920;62;7;78;2
1921;56;25;24;1
1922;11;94;19;2
1923;49;26;81;1
1924;53;24;26;1
1925;31;25;73;2
1926;39;39;96;1
1927;24;45;3;2
1928;81;53;91;2
1929;53;84;91;1
1930;5;19;70;1
1931;72;8;32;2
1932;82;73;32;2
1933;48;42;85;2
1934;54;11;91;1
1935;72;79;41;1
1936;36;93;12;1
1937;16;46;93;2
1938;18;92;76;1
1939;19;34;11;1
1940;69;71;1;2
1941;27;91;33;2
1942;85;69;75;1
1943;70;30;31;2
1944;16;14;46;1
1945;57;51;24;2
1946;30;82;4;2
1947;37;100;35;1
1948;94;32;4;2
1949;58;20;12;2
1950;4;32;81;2
1951;63;3;49;2
1952;87;53;8;2
1953;77;69;30;2
1954;85;68;95;2
1955;63;87;55;2
1956;34;66;41;1
1957;92;23;66;2
1958;99;15;77;1
1959;59;20;36;2
1960;29;28;42;1
1961;99;51;16;1
1962;84;85;50;1
1963;78;52;75;1
1964;92;78;76;2
1965;11;49;91;2
1966;88;89;93;2
1967;17;58;19;1
1968;8;37;94;1
1969;100;88;14;2
1970;87;77;42;2
1971;0;99;43;2
1972;95;32;32;2
1973;36;36;33;2
1974;3;50;56;1
1975;12;71;57;1
1976;62;20;81;2
1977;37;23;74;2
1978;18;83;61;1
1979;38;23;91;1
1980;17;19;25;2
1981;44;66;81;1
1982;92;31;62;1
1983;40;59;8;1
1984;58;3;89;2
1985;1;0;73;2
1986;87;59;32;1
1987;43;84;49;2
1988;45;39;10;2
1989;77;53;42;2
1990;11;1;79;1
1991;97;18;59;1
1992;35;77;28;1
1993;62;33;46;1
1994;48;46;1;2
1995;20;18;12;2
1996;62;60;72;2
1997;1;95;94;2
1998;77;95;57;2
1999;66;84;87;2
2000;45;5;77;2
2001;99;41;49;2
2002;6;38;62;1
2003;78;48;43;1
2004;76;48;44;1
2005;35;7;30;1
2006;82;82;59;2
2007;22;92;56;2
2008;22;21;60;2
2009;43;62;21;2
2010;40;41;90;1
2011;83;63;78;2
2012;48;11;20;1
2013;49;8;44;1
2014;64;99;25;1
2015;98;79;86;1
2016;62;44;26;2
2017;32;48;41;1
2018;59;5;93;2
2019;10;46;35;1
2020;65;90;90;1
2021;58;70;29;2
2022;45;36;48;2
2023;62;49;100;1
2024;39;96;13;1
2025;56;23;70;1
2026;74;18;87;1
2027;79;32;13;2
2028;54;40;52;2
2029;50;31;69;1
2030;12;56;70;2
2031;13;97;46;2
2032;22;64;23;2
2033;72;75;78;2
2034;31;21;87;2
2035;49;75;10;2
2036;6;100;70;2
2037;0;23;26;2
2038;11;95;30;2
2039;54;16;38;1
2040;40;99;38;2
2041;60;23;94;1
2042;73;73;81;1
2043;7;38;7;1
2044;39;61;37;2
2045;0;85;52;1
2046;59;60;25;2
2047;15;33;31;1
2048;85;57;76;1
2049;94;52;69;2
2050;90;99;58;1
2051;56;100;97;1
2052;87;87;89;2
2053;91;43;29;1
2054;76;61;59;2
2055;93;89;38;2
2056;84;15;9;1
2057;35;87;54;1
2058;40;83;11;1
2059;76;55;53;2
2060;90;6;31;1
2061;12;61;38;2
2062;54;73;82;2
2063;95;27;49;1
2064;50;6;15;2
2065;79;26;11;2
2066;30;100;83;2
2067;11;85;17;2
2068;90;36;55;1
2069;94;28;33;2
2070;82;15;39;2
2071;56;81;52;1
2072;23;62;41;1
2073;44;86;60;1
2074;49;82;16;1
2075;26;59;90;2
2076;73;25;31;1
2077;97;2;78;2
2078;50;100;12;2
2079;51;67;53;1
2080;30;91;25;1
2081;81;19;88;1
2082;75;72;32;2
2083;88;67;78;1
2084;67;44;53;2
2085;62;45;29;1
2086;75;80;65;2
2087;35;36;41;1
2088;21;98;85;2
2089;17;16;41;2
2090;22;24;90;1
2091;92;53;93;1
2092;73;98;21;2
2093;48;52;32;1
2094;36;25;47;1
2095;65;28;96;2
2096;2;100;79;2
2097;92;65;65;2
2098;24;61;44;1
2099;50;56;92;2
2100;53;34;93;1
2101;11;66;72;1
2102;73;42;76;1
2103;63;56;26;1
2104;51;42;4;2
2105;13;12;64;1
2106;68;58;81;2
2107;73;88;90;1
2108;39;42;43;2
2109;69;100;81;1
2110;63;41;22;1
2111;5;39;9;1
2112;11;60;12;2
2113;67;4;43;1
2114;38;11;41;2
2115;6;2;79;2
2116;49;60;0;1
2117;77;70;69;1
2118;6;61;72;2
2119;98;6;72;2
2120;52;5;63;1
2121;80;97;37;2
2122;5;54;91;1
2123;11;37;67;1
2124;30;100;7;1
2125;30;62;53;1
2126;11;55;79;2
2127;3;9;47;1
2128;72;32;22;2
2129;12;0;10;1
2130;34;94;1;2
2131;7;23;11;2
2132;33;5;67;1
2133;36;73;67;2
2134;91;98;12;2
2135;13;80;37;2
2136;63;62;53;2
2137;60;37;78;1
2138;30;66;15;1
2139;7;54;43;2
2140;79;72;29;1
2141;35;28;48;2
2142;90;37;3;1
2143;70;75;38;1
2144;68;39;72;1
2145;94;44;34;1
2146;44;5;4;1
2147;62;9;4;1
2148;77;43;21;2
2149;18;46;64;2
2150;48;48;53;2
2151;97;73;36;1
2152;79;68;98;1
2153;6;49;32;1
2154;92;26;14;2
2155;86;2;77;2
2156;83;15;91;2
2157;60;39;46;1
2158;63;86;24;2
2159;93;71;64;1
2160;96;16;96;1
2161;57;51;3;2
2162;15;60;3;1
2163;46;79;20;2
2164;92;38;5;1
2165;98;78;21;1
2166;14;98;83;2
2167;35;8;51;2
2168;86;92;77;1
2169;30;1;18;2
2170;98;8;41;1
2171;85;91;7;1
2172;74;32;91;2
2173;44;47;0;1
2174;10;13;39;1
2175;80;75;95;1
2176;7;52;64;1
2177;93;73;9;2
2178;49;70;99;1
2179;39;44;15;2
2180;85;87;68;2
2181;85;87;19;2
2182;66;97;24;2
2183;51;22;100;1
2184;61;46;40;2
2185;100;4;42;1
2186;12;11;72;2
2187;100;24;23;2
2188;45;93;82;2
2189;16;79;44;2
2190;42;44;61;2
2191;56;92;68;2
2192;29;95;67;1
2193;34;26;95;2
2194;83;62;99;2
2195;40;63;95;1
2196;39;94;71;1
2197;94;61;28;2
2198;65;98;85;1
2199;70;99;84;2
2200;44;92;85;1
2201;54;48;12;2
2202;0;31;38;1
2203;81;45;88;1
2204;18;94;30;2
2205;78;90;41;1
2206;89;40;34;1
2207;48;15;71;2
2208;38;54;87;2
2209;81;56;87;1
2210;31;17;94;1
2211;23;39;8;2
2212;77;66;84;2
2213;43;100;32;1
2214;81;56;31;1
2215;78;51;58;2
2216;61;69;62;1
2217;80;22;63;2
2218;92;99;60;1
2219;12;1;29;2
2220;23;3;92;2
2221;95;90;35;2
2222;45;86;46;1
2223;43;32;19;1
2224;83;79;35;2
2225;21;45;94;2
2226;62;50;42;2
2227;56;81;15;1
2228;41;44;42;2
2229;45;42;26;1
2230;77;23;82;2
2231;88;89;42;1
2232;2;66;68;2
2233;24;36;69;1
2234;47;53;17;1
2235;29;51;54;2
2236;72;33;53;1
2237;78;78;67;1
2238;38;68;66;1
2239;66;23;73;2
2240;76;52;29;2